recording_id,species_id,songtype_id,t_min,f_min,t_max,f_max
1414bbe17,14,1,14.6453,3750.0,14.9173,6468.75
7ed4d3ca1,14,1,17.952,3750.0,18.224,6468.75
d3020850e,14,1,40.5387,2531.25,41.1253,5531.25
8dddf58e0,14,1,10.352,2812.5,11.2747,4406.25
46c7db806,14,1,49.472,2812.5,50.3947,4406.25
b89bd05a1,14,1,44.432,2812.5,45.3547,4406.25
e8b209030,14,1,4.1493,2531.25,4.736,5531.25
47f2eb3b8,14,1,8.5707,2812.5,9.4933,4406.25
edd3b27d6,14,1,36.3413,2812.5,37.264,4406.25
8574d9e81,14,1,27.872,2812.5,28.7947,4406.25
de80fb815,14,1,58.3573,2531.25,58.944,5531.25
ec3a54dc6,14,1,38.7467,2531.25,39.3333,5531.25
a4035e64b,14,1,7.104,3750.0,7.376,6468.75
561ed4362,14,1,0.08,2531.25,0.6667,5531.25
8593f9606,14,1,30.384,2531.25,30.9707,5531.25
75c8ccce9,14,1,12.592,2531.25,13.1787,5531.25
7e370f1f3,14,1,46.064,2531.25,46.6507,5531.25
055088446,14,1,58.992,3750.0,59.264,6468.75
dabd22b08,14,1,28.4,2812.5,29.3227,4406.25
c39b2fcd3,14,1,29.2053,2812.5,30.128,4406.25
16ccddf71,14,1,51.8773,2812.5,52.8,4406.25
88186ba66,14,1,18.4373,2531.25,19.024,5531.25
42a7c4f08,14,1,30.5493,2812.5,31.472,4406.25
16ffcf223,14,1,16.9973,2812.5,17.92,4406.25
c9fc89429,14,1,39.3493,3750.0,39.6213,6468.75
c16b7270b,14,1,58.352,3750.0,58.624,6468.75
af0113159,14,1,36.1547,2812.5,37.0773,4406.25
b1d18170a,14,1,59.0987,3750.0,59.3707,6468.75
c271bc1ea,14,1,25.664,2812.5,26.5867,4406.25
003bec244,14,1,44.544,2531.25,45.1307,5531.25
d53f58786,14,1,3.728,2531.25,4.3147,5531.25
e1a046050,14,1,39.5253,2812.5,40.448,4406.25
956aaf47c,23,1,23.1503,7235.16,29.2339,11283.4
5bf1ac192,23,1,28.8566,7235.16,34.9402,11283.4
890abb1e3,23,1,34.9751,7235.16,41.0587,11283.4
ee3eab224,23,1,3.9822,7235.16,10.0659,11283.4
82ff46226,23,4,15.9695,6459.96,23.8933,11627.9
2393b59e0,23,1,31.4688,7235.16,37.5525,11283.4
5f8eecc9e,23,4,51.0084,6459.96,58.9322,11627.9
71db64300,23,1,19.3074,7235.16,25.391,11283.4
2695a2878,23,1,45.3486,7235.16,51.4322,11283.4
604583528,23,4,51.9314,6459.96,59.8552,11627.9
802907092,23,4,45.3486,6459.96,53.2724,11627.9
d5997789c,23,1,1.9215,7235.16,8.0051,11283.4
226ce47d9,23,1,36.9371,7235.16,43.0208,11283.4
e393a4c21,23,1,49.5746,7235.16,55.6582,11283.4
11bafff5d,23,1,22.6278,7235.16,28.7115,11283.4
35675af70,23,1,53.1389,7235.16,59.2225,11283.4
51f69a454,23,1,4.3886,7235.16,10.4722,11283.4
a993402e2,23,4,31.9507,6459.96,39.8745,11627.9
59a9eb657,23,4,48.4484,6459.96,56.3722,11627.9
551385b05,23,4,44.4372,6459.96,52.361,11627.9
6a0ac2d09,23,1,15.1568,7235.16,21.2405,11283.4
ed2f84e75,23,4,24.7815,6459.96,32.7053,11627.9
48ceeeb96,23,4,28.7231,6459.96,36.6469,11627.9
c9bd1f599,23,1,0.4354,7235.16,6.519,11283.4
9f8fcb625,23,1,52.7673,7235.16,58.851,11283.4
fb5371e7b,23,1,50.1667,7235.16,56.2503,11283.4
053aeb7bd,23,4,0.952,6459.96,8.8758,11627.9
d09dc9dd5,23,4,31.4398,6459.96,39.3636,11627.9
b988da7d0,23,4,30.6271,6459.96,38.5509,11627.9
b441cf212,23,4,51.9546,6459.96,59.8785,11627.9
bd62d4fa2,23,4,8.185,6459.96,16.1088,11627.9
160add406,23,4,3.0534,6459.96,10.9772,11627.9
1e05620be,12,1,38.4587,562.5,41.5947,3281.25
02b9a8ab9,12,1,33.9093,562.5,37.0453,3281.25
2026bced7,12,1,49.8987,562.5,53.0347,3281.25
d4a03bf19,12,1,29.3547,562.5,32.4907,3281.25
fdda158ed,12,1,42.848,562.5,45.984,3281.25
7a49b2465,12,1,35.0933,562.5,38.2293,3281.25
da708c386,12,1,26.7147,562.5,29.8507,3281.25
0968aea09,12,1,5.7707,562.5,8.9067,3281.25
ef3647390,12,1,26.352,562.5,29.488,3281.25
e6af91bbf,12,1,1.5573,562.5,4.6933,3281.25
9d293be93,12,1,52.7627,562.5,55.8987,3281.25
935e4c9b0,12,1,49.8667,562.5,53.0027,3281.25
471bb3a84,12,1,28.0373,562.5,31.1733,3281.25
85fd75b28,12,1,9.8453,562.5,12.9813,3281.25
ce8270c7b,12,1,21.264,562.5,24.4,3281.25
d922d82e9,12,1,21.7547,562.5,24.8907,3281.25
896080a53,12,1,1.728,562.5,4.864,3281.25
19442bf58,12,1,1.4933,562.5,4.6293,3281.25
5b219bb1c,12,1,0.56,562.5,3.696,3281.25
007f87ba2,12,1,39.136,562.5,42.272,3281.25
4d54e38a8,12,1,45.9893,562.5,49.1253,3281.25
4482bd512,12,1,29.5947,562.5,32.7307,3281.25
2cd094d21,12,1,51.2107,562.5,54.3467,3281.25
cbc07e2ec,12,1,55.584,562.5,58.72,3281.25
ea71a1a7d,12,1,41.7333,562.5,44.8693,3281.25
c4ec1e7de,12,1,56.1067,562.5,59.2427,3281.25
1ca8c8af6,12,1,0.6827,562.5,3.8187,3281.25
5723a520c,12,1,10.1973,562.5,13.3333,3281.25
ccd0a0bff,12,1,4.784,562.5,7.92,3281.25
9abdbfc9f,12,1,18.6187,562.5,21.7547,3281.25
9425c4b01,12,1,51.3493,562.5,54.4853,3281.25
3f5f4aa9a,12,1,23.584,562.5,26.72,3281.25
27c146a88,17,4,26.7733,1312.5,29.3067,7406.25
d291fab38,17,4,6.9387,1406.25,9.5467,3937.5
755d6c7eb,17,4,14.4427,1406.25,17.0507,3937.5
ee3dc0bc6,17,1,42.8533,1312.5,49.3067,3937.5
5f51598f1,17,1,25.9467,1312.5,32.4,3937.5
d59d099b3,17,1,41.088,1312.5,47.5413,3937.5
7341161bd,17,4,13.1425,1464.26,16.9215,4565.04
5bfe1dec6,17,1,32.0747,1312.5,38.528,3937.5
78941c48b,17,1,52.88,1312.5,59.3333,3937.5
c12e0a62b,17,1,23.488,1312.5,29.9413,3937.5
bda762977,17,1,5.8293,1312.5,12.2827,3937.5
400b7210c,17,1,48.448,1312.5,54.9013,3937.5
1263c23c8,17,1,38.9013,1312.5,45.3547,3937.5
aecf3d8d2,17,4,48.032,1406.25,50.64,3937.5
0c448e77c,17,4,36.2638,1464.26,40.0428,4565.04
9a76cab9c,17,1,17.8293,1312.5,24.2827,3937.5
5b1e3b55b,17,1,2.8,1312.5,9.2533,3937.5
9cb1f4a34,17,4,27.3653,1406.25,29.9733,3937.5
0c48ed342,17,1,50.032,1312.5,56.4853,3937.5
400b7210c,17,1,44.4,1312.5,50.8533,3937.5
6f7eec323,17,4,9.6907,1406.25,12.2987,3937.5
7583b7c0c,17,4,23.8005,1464.26,27.5795,4565.04
3c621e663,17,1,2.8053,1312.5,9.2587,3937.5
9a9951303,17,4,23.28,1406.25,25.888,3937.5
7277aa5a8,17,4,55.5307,1406.25,58.1387,3937.5
ee3dc0bc6,17,1,47.072,1312.5,53.5253,3937.5
5b1e3b55b,17,1,6.7627,1312.5,13.216,3937.5
3fcca1372,17,1,38.576,1312.5,45.0293,3937.5
d59d099b3,17,1,37.0933,1312.5,43.5467,3937.5
3c621e663,17,1,20.5973,1312.5,27.0507,3937.5
5bfe1dec6,17,1,22.352,1312.5,28.8053,3937.5
4a7fe1b31,17,1,49.456,1312.5,55.9093,3937.5
8c44ed2cf,10,1,56.6915,947.461,59.1354,10852.7
728459067,10,1,18.7559,947.461,21.1998,10852.7
51319c540,10,1,5.0213,947.461,7.4652,10852.7
87db70dff,10,1,39.4507,947.461,41.8946,10852.7
946390b26,10,1,13.7172,947.461,16.1611,10852.7
3f3c49ad2,10,1,16.4339,947.461,18.8778,10852.7
6e82ee19a,10,1,27.0803,947.461,29.5242,10852.7
dfa6a4a64,10,1,9.8162,947.461,12.2601,10852.7
7ab084435,10,1,15.8186,947.461,18.2625,10852.7
37d16f30f,10,1,33.0536,947.461,35.4975,10852.7
8eb0e591c,10,1,42.4635,947.461,44.9074,10852.7
aa7d3cfe0,10,1,6.2752,947.461,8.7191,10852.7
728459067,10,1,4.2144,947.461,6.6583,10852.7
c8bed66bb,10,1,46.8172,947.461,49.2611,10852.7
0201197ec,10,1,43.3575,947.461,45.8014,10852.7
009b760e6,10,1,50.0854,947.461,52.5293,10852.7
92ae9bcc2,10,1,24.9905,947.461,27.4344,10852.7
cf739c61d,10,1,57.4694,947.461,59.9133,10852.7
ca99623ca,10,1,13.0032,947.461,15.4471,10852.7
1bd29a4bb,10,1,42.7886,947.461,45.2325,10852.7
6838dc4f9,10,1,33.4832,947.461,35.9271,10852.7
ec1c4a754,10,1,33.3381,947.461,35.782,10852.7
cf7af9895,10,1,56.4245,947.461,58.8684,10852.7
db34c4a5d,10,1,27.9917,947.461,30.4356,10852.7
7764cbbfd,10,1,5.7121,947.461,8.156,10852.7
1383208d3,10,1,50.4744,947.461,52.9183,10852.7
f5c3420f6,10,1,28.0033,947.461,30.4472,10852.7
3f88e7718,10,1,8.2953,947.461,10.7392,10852.7
5a3f09a5c,10,1,44.2166,947.461,46.6605,10852.7
e4e8c501e,10,1,4.139,947.461,6.5829,10852.7
a38cadf2c,10,1,7.7613,947.461,10.2052,10852.7
e22487d26,10,1,22.6685,947.461,25.1124,10852.7
bea3bcffa,8,1,29.2533,3750.0,33.376,5531.25
9f10784cd,8,1,20.496,3750.0,24.6187,5531.25
80c09eb56,8,1,35.3333,3750.0,39.456,5531.25
8ffe19a69,8,1,55.2267,3750.0,59.3493,5531.25
ea7aa9e69,8,1,37.664,3750.0,41.7867,5531.25
8a0ee2e2c,8,1,4.7627,3750.0,8.8853,5531.25
b95c42272,8,1,23.5093,3750.0,27.632,5531.25
12a12f0fa,8,1,31.504,3750.0,35.6267,5531.25
00b404881,8,1,0.0747,3750.0,4.1973,5531.25
ef10f60bf,8,1,44.2667,3750.0,48.3893,5531.25
697f7210b,8,1,2.9653,3750.0,7.088,5531.25
07d1687e0,8,1,0.064,3750.0,4.1867,5531.25
2717a930e,8,1,14.176,3750.0,18.2987,5531.25
1f5dd26db,8,1,6.0907,3750.0,10.2133,5531.25
5b8830884,8,1,32.0213,3750.0,36.144,5531.25
5407d8c89,8,1,23.9307,3750.0,28.0533,5531.25
a4b2f4298,8,1,43.536,3750.0,47.6587,5531.25
56e311030,8,1,4.7413,3750.0,8.864,5531.25
f55ce9e53,8,1,1.5893,3750.0,5.712,5531.25
2bf32cf03,8,1,21.0347,3750.0,25.1573,5531.25
60b260508,8,1,49.7493,3750.0,53.872,5531.25
e03896110,8,1,32.7893,3750.0,36.912,5531.25
582d6efec,8,1,47.3333,3750.0,51.456,5531.25
da0d07110,8,1,1.4027,3750.0,5.5253,5531.25
3c443fa6e,8,1,54.3147,3750.0,58.4373,5531.25
459513f88,8,1,51.9413,3750.0,56.064,5531.25
53e4f09ab,8,1,19.8507,3750.0,23.9733,5531.25
f2493eda1,8,1,16.544,3750.0,20.6667,5531.25
14d467153,8,1,0.3733,3750.0,4.496,5531.25
18c47b7f2,8,1,32.544,3750.0,36.6667,5531.25
986405edb,8,1,36.6453,3750.0,40.768,5531.25
bf58cd236,8,1,13.392,3750.0,17.5147,5531.25
447409a6b,0,1,25.872,5906.25,26.6667,8250.0
0ea8ea68a,0,1,3.8027,5906.25,4.5973,8250.0
9496d86bf,0,1,40.5813,5906.25,41.872,7500.0
bac502597,0,1,36.0853,5906.25,36.88,8250.0
a54894b33,0,1,23.424,5906.25,24.2187,8250.0
560ccf19c,0,1,15.392,5906.25,16.1867,8250.0
157a50231,0,1,35.7867,5906.25,36.5813,8250.0
9c8947073,0,1,25.7653,5906.25,27.056,7500.0
97630c03d,0,1,11.8667,5906.25,13.1573,7500.0
50f616a04,0,1,45.0453,5906.25,45.84,8250.0
6b0891684,0,1,26.2293,5906.25,27.024,8250.0
a0c662123,0,1,6.6347,5906.25,7.4293,8250.0
86c44dd51,0,1,30.5653,5906.25,31.36,8250.0
9cb6ae5e3,0,1,39.7173,5906.25,40.512,8250.0
2a3c1f921,0,1,46.8587,5906.25,47.6533,8250.0
03d77fede,0,1,44.4107,5906.25,45.2053,8250.0
45c356538,0,1,50.112,5906.25,50.9067,8250.0
b2338ed38,0,1,36.1013,5906.25,36.896,8250.0
31259d9d5,0,1,24.496,5906.25,25.7867,7500.0
4e91c87cc,0,1,39.0773,5906.25,39.872,8250.0
2e40b2294,0,1,56.7307,5906.25,58.0213,7500.0
251737ef0,0,1,35.9307,5906.25,36.7253,8250.0
5c1ae8b6f,0,1,55.9147,5906.25,56.7093,8250.0
abed3437e,0,1,16.544,5906.25,17.3387,8250.0
f5e6456f0,0,1,41.6693,5906.25,42.464,8250.0
5f9157d7b,0,1,58.9333,5906.25,59.728,8250.0
fc6609050,0,1,42.9973,5906.25,43.792,8250.0
06a0c48c9,0,1,57.2213,5906.25,58.016,8250.0
d49a94504,0,1,1.2853,5906.25,2.08,8250.0
579db058c,0,1,36.2293,5906.25,37.52,7500.0
7893b8f70,0,1,3.7013,5906.25,4.496,8250.0
c3843eb33,0,1,56.2933,5906.25,57.088,8250.0
ac3da0b30,18,1,16.4213,3187.5,17.1147,5062.5
bbd9ac366,18,1,55.92,3187.5,56.6133,5062.5
2319eb4b4,18,1,25.632,3187.5,26.3253,5062.5
d93aaa1bc,18,1,3.0987,3187.5,3.792,5062.5
1fb41e1c4,18,1,13.872,3187.5,14.5653,5062.5
711630bd8,18,1,8.896,3187.5,9.5893,5062.5
3a2afcf76,18,1,27.232,3187.5,27.9253,5062.5
67763b1b9,18,1,18.6933,3187.5,19.3867,5062.5
cc05ecd08,18,1,0.6667,3187.5,1.36,5062.5
b96574294,18,1,20.624,3187.5,21.3173,5062.5
d73ffbc1e,18,1,26.432,3187.5,27.1253,5062.5
87b2981de,18,1,11.168,3187.5,11.8613,5062.5
989b95591,18,1,55.4827,3187.5,56.176,5062.5
ffb9a7b9a,18,1,40.32,3187.5,41.0133,5062.5
42ea7a091,18,1,34.9653,3187.5,35.6587,5062.5
56d22a5b3,18,1,15.0347,3187.5,15.728,5062.5
e9eb6d4dd,18,1,0.9547,3187.5,1.648,5062.5
6346c01fa,18,1,15.0507,3187.5,15.744,5062.5
7478fd629,18,1,37.936,3187.5,38.6293,5062.5
e0e8ceb33,18,1,34.7093,3187.5,35.4027,5062.5
5c609dbfb,18,1,19.9947,3187.5,20.688,5062.5
0e799da44,18,1,24.6027,3187.5,25.296,5062.5
011f25080,18,1,5.6853,3187.5,6.3787,5062.5
54399c91c,18,1,53.776,3187.5,54.4693,5062.5
1504619b7,18,1,44.512,3187.5,45.2053,5062.5
11a52d37a,18,1,46.0693,3187.5,46.7627,5062.5
533ae3f85,18,1,31.9573,3187.5,32.6507,5062.5
851c98ea8,18,1,52.8587,3187.5,53.552,5062.5
5a8a2b155,18,1,33.8347,3187.5,34.528,5062.5
a6c887130,18,1,11.3547,3187.5,12.048,5062.5
e42155880,18,1,13.056,3187.5,13.7493,5062.5
15d9e6d8b,18,1,36.6453,3187.5,37.3387,5062.5
9367e95cc,15,1,25.3227,93.75,28.6667,1125.0
804fa03e1,15,1,53.7013,93.75,57.0453,1125.0
11c2c02e5,15,1,17.6587,93.75,21.0027,1125.0
015113cad,15,1,50.0533,93.75,53.3973,1125.0
11c2c02e5,15,1,14.8427,93.75,18.1867,1125.0
a1048dac6,15,1,15.6533,93.75,18.9973,1125.0
dbd243625,15,1,9.6587,93.75,13.0027,1125.0
1e469c124,15,1,28.1493,93.75,31.4933,1125.0
0e29d05ed,15,1,31.936,93.75,35.28,1125.0
5db2e86fe,15,1,18.6293,93.75,21.9733,1125.0
acff61b19,15,1,24.0213,93.75,27.3653,1125.0
078788674,15,1,41.36,93.75,44.704,1125.0
3647cd276,15,1,54.832,93.75,58.176,1125.0
2f594b20f,15,1,40.0427,93.75,43.3867,1125.0
340c7f964,15,1,53.8347,93.75,57.1787,1125.0
8c20115ce,15,1,17.7547,93.75,21.0987,1125.0
8ef1d1114,15,1,55.4293,93.75,58.7733,1125.0
275a0fc0c,15,1,35.4667,93.75,38.8107,1125.0
79f7b3873,15,1,3.0453,93.75,6.3893,1125.0
f97ababc1,15,1,9.12,93.75,12.464,1125.0
2d09eb065,15,1,7.008,93.75,10.352,1125.0
6093f0100,15,1,2.2453,93.75,5.5893,1125.0
2ffaa6c02,15,1,53.3173,93.75,56.6613,1125.0
3051fc9d0,15,1,38.0693,93.75,41.4133,1125.0
119b154cc,15,1,3.7813,93.75,7.1253,1125.0
e2de15b96,15,1,32.8747,93.75,36.2187,1125.0
619a7af56,15,1,49.7813,93.75,53.1253,1125.0
d63f467b6,15,1,55.6693,93.75,59.0133,1125.0
3ffaeaa6c,15,1,48.2453,93.75,51.5893,1125.0
2febbdfc5,15,1,15.4613,93.75,18.8053,1125.0
20de9e491,15,1,54.464,93.75,57.808,1125.0
dd9c51f59,15,1,52.8373,93.75,56.1813,1125.0
5857d6f6d,1,1,17.2907,3843.75,18.1867,5625.0
e5d1f4efc,1,1,23.328,3843.75,24.224,5625.0
e755e15ec,1,1,13.1093,3843.75,14.0053,5625.0
eac4c4220,1,1,3.216,3843.75,4.112,5625.0
e005ce0f5,1,1,1.7813,3843.75,2.6773,5625.0
b661bd840,1,1,37.312,3843.75,38.208,5625.0
d7068ae10,1,1,26.7467,3843.75,27.6427,5625.0
5977f6b4c,1,1,16.3467,3843.75,17.2427,5625.0
63a82d848,1,1,39.4827,3843.75,40.3787,5625.0
304141997,1,1,40.0693,3843.75,40.9653,5625.0
5f9b4785b,1,1,47.9947,3843.75,48.8907,5625.0
22da462f9,1,1,8.816,3843.75,9.712,5625.0
b90d004b4,1,1,44.0533,3843.75,44.9493,5625.0
56ff074df,1,1,2.7093,3843.75,3.6053,5625.0
13511f7bd,1,1,8.256,3843.75,9.152,5625.0
24aac801a,1,1,46.4,3843.75,47.296,5625.0
13c678c1d,1,1,0.864,3843.75,1.76,5625.0
c84943395,1,1,14.992,3843.75,15.888,5625.0
7295291a7,1,1,5.3173,3843.75,6.2133,5625.0
1ba9ee79a,1,1,5.9467,3843.75,6.8427,5625.0
141675c80,1,1,54.6933,3843.75,55.5893,5625.0
c96b0c428,1,1,11.9787,3843.75,12.8747,5625.0
b4110d8aa,1,1,30.336,3843.75,31.232,5625.0
2cf89ef6b,1,1,24.0,3843.75,24.896,5625.0
bf964d1fa,1,1,18.128,3843.75,19.024,5625.0
dd0830c83,1,1,4.288,3843.75,5.184,5625.0
93e10b125,1,1,18.224,3843.75,19.12,5625.0
cf6bd44d9,1,1,23.4453,3843.75,24.3413,5625.0
dbfb5f469,1,1,3.12,3843.75,4.016,5625.0
c182aef8c,1,1,8.2507,3843.75,9.1467,5625.0
bbd6815be,1,1,38.7307,3843.75,39.6267,5625.0
ab383c341,1,1,50.9067,3843.75,51.8027,5625.0
b056e5bc2,6,1,2.9333,562.5,4.9547,3187.5
63971df42,6,1,9.5787,562.5,11.7227,4406.25
180ba3012,6,1,48.352,562.5,50.496,4406.25
25c229018,6,1,6.5013,562.5,8.6453,4406.25
9316428b4,6,1,15.8507,562.5,17.872,3187.5
b41ae319b,6,1,4.5013,562.5,6.6453,4406.25
c75f2655f,6,1,4.784,562.5,6.928,4406.25
8f942c9f5,6,1,20.2773,562.5,22.4213,4406.25
01b41f92b,6,1,44.24,562.5,46.384,4406.25
745171bf2,6,1,4.1547,562.5,6.2987,4406.25
a5f008080,6,1,18.3307,562.5,20.4747,4406.25
b7485fa88,6,1,25.9787,562.5,28.1227,4406.25
717780789,6,1,37.808,562.5,39.952,4406.25
fd3f0d49b,6,1,39.8507,562.5,41.9947,4406.25
e2ce1658e,6,1,34.7307,562.5,36.8747,4406.25
d1debe396,6,1,25.264,562.5,27.408,4406.25
20be88a43,6,1,12.9653,562.5,14.9867,3187.5
5ac6b1e85,6,1,50.0053,562.5,52.1493,4406.25
84aed0cf9,6,1,57.7013,562.5,59.8453,4406.25
af36838f2,6,1,44.9387,562.5,47.0827,4406.25
477119234,6,1,20.9387,562.5,22.96,3187.5
4bb31c8c1,6,1,45.2213,562.5,47.3653,4406.25
35844fa7f,6,1,20.4,562.5,22.544,4406.25
690168015,6,1,38.8053,562.5,40.9493,4406.25
3296a3827,6,1,55.328,562.5,57.3493,3187.5
266e8b635,6,1,42.8427,562.5,44.9867,4406.25
77f2b9543,6,1,49.888,562.5,52.032,4406.25
60a493ad4,6,1,40.688,562.5,42.832,4406.25
b6b2bb1cd,6,1,0.1173,562.5,2.2613,4406.25
edf598655,6,1,47.376,562.5,49.52,4406.25
ac7721796,6,1,55.5733,562.5,57.5947,3187.5
1d6371ff5,6,1,40.5493,562.5,42.6933,4406.25
2bb539997,7,1,26.0907,4687.5,29.232,11437.5
04e70a8e3,7,1,23.5947,4687.5,26.736,11437.5
838227e71,7,1,11.152,4687.5,14.2933,11437.5
5db2e86fe,7,1,20.6773,4687.5,23.8187,11437.5
5840c2d77,7,1,44.624,4687.5,47.7653,11437.5
6eb03e9ca,7,1,9.7973,4687.5,12.9387,11437.5
557506b62,7,1,39.2213,4687.5,42.3627,11437.5
918ddce17,7,1,21.664,4687.5,24.8053,11437.5
b297fe7ef,7,1,51.1893,4687.5,54.3307,11437.5
18e249f36,7,1,28.8747,4687.5,32.016,11437.5
4c840ed89,7,1,32.848,4687.5,35.9893,11437.5
1a5fb3223,7,1,56.7893,4687.5,59.9307,11437.5
d1477bf79,7,1,5.2107,4687.5,8.352,11437.5
438c12dbc,7,1,19.5467,4687.5,22.688,11437.5
960572cd4,7,1,5.9413,4687.5,9.0827,11437.5
a0af97b46,7,1,21.2853,4687.5,24.4267,11437.5
77e82339a,7,1,46.9013,4687.5,50.0427,11437.5
f51c0da28,7,1,47.056,4687.5,50.1973,11437.5
8531f27ff,7,1,54.912,4687.5,58.0533,11437.5
bcd686baf,7,1,17.7387,4687.5,20.88,11437.5
b68e70116,7,1,45.1093,4687.5,48.2507,11437.5
c68fb36e7,7,1,15.9253,4687.5,19.0667,11437.5
090ae427d,7,1,26.1387,4687.5,29.28,11437.5
d58429096,7,1,3.776,4687.5,6.9173,11437.5
6b891f8f2,7,1,8.6507,4687.5,11.792,11437.5
9afa17810,7,1,0.528,4687.5,3.6693,11437.5
568f644e1,7,1,23.9467,4687.5,27.088,11437.5
ea7da0899,7,1,18.1973,4687.5,21.3387,11437.5
f6e41b038,7,1,9.056,4687.5,12.1973,11437.5
6c52da176,7,1,18.16,4687.5,21.3013,11437.5
9d6de44f0,7,1,1.1787,4687.5,4.32,11437.5
1eb2a9113,7,1,28.4693,4687.5,31.6107,11437.5
f2890653e,11,1,19.2145,1808.79,20.3523,5684.77
28fd95f7f,11,1,24.8802,1808.79,26.018,5684.77
e5625ee50,11,1,52.094,1808.79,53.2317,5684.77
8253e1640,11,1,41.0819,1808.79,42.2197,5684.77
420aeb3ea,11,1,57.7306,1808.79,58.8684,5684.77
ca5018f35,11,1,17.3163,1808.79,18.4541,5684.77
0f99800b7,11,1,27.417,1808.79,28.5547,5684.77
99f72cf18,11,1,35.5614,1808.79,36.6991,5684.77
c9df2fecf,11,1,53.0576,1808.79,54.1954,5684.77
d35473d24,11,1,42.1965,1808.79,43.3342,5684.77
b7485fa88,11,1,54.2302,1808.79,55.368,5684.77
eee00469a,11,1,14.2164,1808.79,15.3542,5684.77
377e04f82,11,1,28.1019,1808.79,29.2397,5684.77
d22169f4e,11,1,7.1866,1808.79,8.3244,5684.77
2105bda77,11,1,49.0812,1808.79,50.219,5684.77
0295e3234,11,1,5.1606,1808.79,6.2984,5684.77
bb4fd3041,11,1,43.4736,1808.79,44.6113,5684.77
4f600e6f7,11,1,40.8613,1808.79,41.9991,5684.77
dabddc8ab,11,1,10.4316,1808.79,11.5693,5684.77
b65e327ee,11,1,22.146,1808.79,23.2838,5684.77
4696db75c,11,1,49.2495,1808.79,50.3873,5684.77
bd97b0335,11,1,9.822,1808.79,10.9598,5684.77
3346f84ee,11,1,36.0548,1808.79,37.1926,5684.77
f543f0d31,11,1,24.3868,1808.79,25.5245,5684.77
551385b05,11,1,33.9534,1808.79,35.0912,5684.77
83028db30,11,1,27.7595,1808.79,28.8972,5684.77
579bcf9e0,11,1,20.1839,1808.79,21.3217,5684.77
13de5cabb,11,1,57.3359,1808.79,58.4737,5684.77
b6671af88,11,1,6.6525,1808.79,7.7903,5684.77
2d50db2b1,11,1,0.8707,1808.79,2.0085,5684.77
c72150f3c,11,1,47.9898,1808.79,49.1276,5684.77
8ec8b0275,11,1,1.2829,1808.79,2.4207,5684.77
8080b2283,13,1,52.1867,93.75,52.8107,843.75
c9899ee73,13,1,0.5653,93.75,1.1893,843.75
9fbd7e1f6,13,1,51.9467,93.75,52.5707,843.75
bdc8dd456,13,1,14.2773,93.75,14.9013,843.75
63cc4d598,13,1,38.8107,93.75,39.4347,843.75
cb10cd9d9,13,1,9.9147,93.75,10.5387,843.75
689b160fc,13,1,29.3707,93.75,29.9947,843.75
1ffa43aae,13,1,29.7067,93.75,30.3307,843.75
52cec3943,13,1,54.0267,93.75,57.8987,1406.25
fe8d9ac40,13,1,53.472,93.75,54.096,843.75
14dc5a39e,13,1,50.5067,93.75,51.1307,843.75
4373930a5,13,1,45.584,93.75,46.208,843.75
a212bf2e0,13,1,5.168,93.75,5.792,843.75
0297d886e,13,1,57.808,93.75,58.432,843.75
30cd416ed,13,1,46.6773,93.75,47.3013,843.75
a79847d38,13,1,50.464,93.75,51.088,843.75
0cb4632d6,13,1,47.1467,93.75,47.7707,843.75
d66a5f57b,13,1,41.904,93.75,42.528,843.75
0f8cadb4a,13,1,34.4907,93.75,35.1147,843.75
a00373b12,13,1,11.9627,93.75,12.5867,843.75
eeb9a3c4b,13,1,51.9787,93.75,52.6027,843.75
bbd784551,13,1,45.3973,93.75,46.0213,843.75
c3662d871,13,1,12.9387,93.75,13.5627,843.75
bfacbc575,13,1,14.752,93.75,15.376,843.75
352056163,13,1,32.8587,93.75,33.4827,843.75
14948ff80,13,1,44.5013,93.75,45.1253,843.75
7f737a9c4,13,1,43.0507,93.75,43.6747,843.75
2ec1b3167,13,1,56.9973,93.75,57.6213,843.75
d96242159,13,1,51.8187,93.75,52.4427,843.75
3c4cf66fd,13,1,39.9573,93.75,40.5813,843.75
772bd1045,13,1,52.8587,93.75,53.4827,843.75
6b1093628,13,1,37.728,93.75,38.352,843.75
2ce34e1b6,16,4,55.296,3093.75,57.1307,4593.75
364e9b5e7,16,4,28.3147,3093.75,30.1493,4593.75
1ef3e2282,16,4,24.4587,3093.75,26.2933,4593.75
bc9dd660e,16,4,22.768,3093.75,24.6027,4593.75
0313e82cf,16,4,21.472,3093.75,23.3067,4593.75
55228e5c5,16,4,24.544,3093.75,26.3787,4593.75
9251fdbdd,16,4,7.0187,3093.75,8.8533,4593.75
72a9f19b4,16,4,10.3413,3093.75,12.176,4593.75
e6de52902,16,4,22.2987,3093.75,24.1333,4593.75
5281fc845,16,4,7.6213,3093.75,9.456,4593.75
5e7e1643e,16,4,3.2427,3093.75,5.0773,4593.75
1fbc39373,16,4,34.3947,3093.75,36.2293,4593.75
178b835e3,16,4,4.256,3093.75,6.0907,4593.75
158c5acb6,16,4,18.8427,3093.75,20.6773,4593.75
65971c0e7,16,4,10.016,3093.75,11.8507,4593.75
cf568dfc0,16,4,29.4773,3093.75,31.312,4593.75
49b80ec61,16,4,24.2667,3093.75,26.1013,4593.75
e6de52902,16,4,40.48,3093.75,42.3147,4593.75
710537df8,16,4,32.7093,3093.75,34.544,4593.75
bf964d1fa,16,4,56.0533,3093.75,57.888,4593.75
f5889157c,16,4,53.04,3093.75,54.8747,4593.75
03b96f209,16,4,49.632,3093.75,51.4667,4593.75
7476d961f,16,4,18.48,3093.75,20.3147,4593.75
4e5702ed7,16,4,21.824,3093.75,23.6587,4593.75
e9622376a,16,4,30.5707,3093.75,32.4053,4593.75
1a3993962,16,4,48.144,3093.75,49.9787,4593.75
f33a1793f,16,4,8.3147,3093.75,10.1493,4593.75
03b96f209,16,4,30.9333,3093.75,32.768,4593.75
5816c1336,16,4,4.864,3093.75,6.6987,4593.75
2f40810b2,16,4,45.9573,3093.75,47.792,4593.75
9e242fe66,16,4,30.96,3093.75,32.7947,4593.75
08db743d0,16,4,38.3787,3093.75,40.2133,4593.75
306f98294,19,1,10.2933,281.25,11.8453,2812.5
6c660a505,19,1,51.7707,281.25,53.3227,2812.5
b8d1e4865,19,1,43.216,281.25,44.768,2812.5
27c78408d,19,1,14.128,281.25,15.68,2812.5
c6e411c90,19,1,55.7653,281.25,57.3173,2812.5
bb854bd6e,19,1,36.4853,281.25,38.0373,2812.5
a66546dfd,19,1,38.0373,281.25,39.5893,2812.5
a2a211fa8,19,1,17.7653,281.25,19.3173,2812.5
7ad715d6d,19,1,41.552,281.25,43.104,2812.5
e23e84994,19,1,56.656,281.25,58.208,2812.5
f3f82b897,19,1,51.7013,281.25,53.2533,2812.5
5debe8941,19,1,46.4533,281.25,48.0053,2812.5
69ea6d76b,19,1,30.9333,281.25,32.4853,2812.5
c9dd4934b,19,1,29.376,281.25,30.928,2812.5
7cc6d509a,19,1,30.3947,281.25,31.9467,2812.5
f3f82b897,19,1,53.7227,281.25,55.2747,2812.5
0a350d11c,19,1,11.5253,281.25,13.0773,2812.5
6c246167d,19,1,3.12,281.25,4.672,2812.5
400b7210c,19,1,46.624,281.25,48.176,2812.5
ab5e71344,19,1,31.4827,281.25,33.0347,2812.5
27b26fe5d,19,1,55.104,281.25,56.656,2812.5
04975ecd8,19,1,54.384,281.25,55.936,2812.5
e71d72805,19,1,50.224,281.25,51.776,2812.5
c721d69de,19,1,0.6507,281.25,2.2027,2812.5
6d5f5e052,19,1,36.9013,281.25,38.4533,2812.5
87b64a134,19,1,34.048,281.25,35.6,2812.5
5609ef334,19,1,52.016,281.25,53.568,2812.5
cfdd68da2,19,1,7.744,281.25,9.296,2812.5
1545e29b3,19,1,0.1387,281.25,1.6907,2812.5
afaa8d38f,19,1,52.0053,281.25,53.5573,2812.5
71cf9646b,19,1,28.2347,281.25,29.7867,2812.5
534db172e,19,1,34.1013,281.25,35.6533,2812.5
ee80e2415,3,1,55.0827,1031.25,55.824,2812.5
534b6a4a0,3,1,8.8747,1031.25,9.616,2812.5
581d07559,3,1,9.4293,1031.25,10.1707,2812.5
6351581d6,3,1,53.5733,1031.25,54.3147,2812.5
288e5d13f,3,1,14.3893,1031.25,15.1307,2812.5
aedfcfe60,3,1,11.1627,1031.25,11.904,2812.5
73f2ff0fd,3,1,30.8907,1031.25,31.632,2812.5
5b54af5a2,3,1,20.4213,1031.25,21.1627,2812.5
368be0579,3,1,55.232,1031.25,55.9733,2812.5
14f6cbe5c,3,1,53.6,1031.25,54.3413,2812.5
29127020a,3,1,25.12,1031.25,25.8613,2812.5
aefd0f061,3,1,11.2373,1031.25,11.9787,2812.5
5280a7fe9,3,1,46.48,1031.25,47.2213,2812.5
e7bc335fa,3,1,6.4907,1031.25,7.232,2812.5
6102fb9d6,3,1,12.752,1031.25,13.4933,2812.5
807efd6bb,3,1,52.4427,1031.25,53.184,2812.5
06c44d203,3,1,1.28,1031.25,2.0213,2812.5
7ada8c4da,3,1,16.4267,1031.25,17.168,2812.5
2bcddf9a5,3,1,20.976,1031.25,21.7173,2812.5
c91cae4aa,3,1,33.344,1031.25,34.0853,2812.5
8a99905ac,3,1,43.152,1031.25,43.8933,2812.5
c5503ce7b,3,1,7.472,1031.25,8.2133,2812.5
2322ec1d3,3,1,59.2533,1031.25,59.9947,2812.5
ae210f726,3,1,44.1333,1031.25,44.8747,2812.5
cc2c48fd7,3,1,20.2347,1031.25,20.976,2812.5
8b237e9eb,3,1,20.0747,1031.25,20.816,2812.5
6c4ce1cf2,3,1,11.4773,1031.25,12.2187,2812.5
163e86660,3,1,58.064,1031.25,58.8053,2812.5
0eb2079ea,3,1,5.5893,1031.25,6.3307,2812.5
db3cdbf35,3,1,50.704,1031.25,51.4453,2812.5
5877cea08,3,1,53.0773,1031.25,53.8187,2812.5
cf867adcc,3,1,11.7173,1031.25,12.4587,2812.5
bf9f90405,2,1,7.7067,468.75,9.4827,3000.0
3a1293df5,2,1,31.0453,468.75,32.8213,3000.0
100e4ddc9,2,1,1.2853,468.75,3.0613,3000.0
6a6af3c63,2,1,40.304,468.75,42.08,3000.0
944edda33,2,1,43.7867,468.75,45.5627,3000.0
daa57db65,2,1,54.72,468.75,56.496,3000.0
9cccd9345,2,1,54.1973,468.75,55.9733,3000.0
41829d963,2,1,4.2933,468.75,6.0693,3000.0
c350c0f9f,2,1,49.2107,468.75,50.9867,3000.0
41829d963,2,1,0.656,468.75,2.432,3000.0
b62b5a988,2,1,50.096,468.75,51.872,3000.0
0e034f968,2,1,1.8933,468.75,3.6693,3000.0
160b70831,2,1,1.9413,468.75,3.7173,3000.0
2eb098e76,2,1,24.9653,468.75,26.7413,3000.0
c3ed6269b,2,1,48.672,468.75,50.448,3000.0
0e2e4ac19,2,1,44.56,468.75,46.336,3000.0
2dc763e67,2,1,15.7707,468.75,17.5467,3000.0
c4a74dcf1,2,1,51.9413,468.75,53.7173,3000.0
d2cb96229,2,1,23.8507,468.75,25.6267,3000.0
b12e80061,2,1,18.848,468.75,20.624,3000.0
2dc763e67,2,1,6.2987,468.75,8.0747,3000.0
1fb94ae60,2,1,48.2453,468.75,50.0213,3000.0
287bf77ec,2,1,12.1813,468.75,13.9573,3000.0
ed38c48b8,2,1,39.6853,468.75,41.4613,3000.0
d6c75de73,2,1,41.9093,468.75,43.6853,3000.0
a92850ccd,2,1,53.744,468.75,55.52,3000.0
2dc763e67,2,1,26.1493,468.75,27.9253,3000.0
c2143392b,2,1,48.1867,468.75,49.9627,3000.0
2eb098e76,2,1,20.8693,468.75,22.6453,3000.0
05b9c974c,2,1,31.984,468.75,33.76,3000.0
43d34d63c,2,1,9.9627,468.75,11.7387,3000.0
287bf77ec,2,1,8.832,468.75,10.608,3000.0
20801bb7d,4,1,1.9093,2343.75,3.7653,4218.75
4e90ab2fb,4,1,53.0027,2343.75,54.8587,4218.75
7f8fab554,4,1,14.24,2343.75,16.096,4218.75
ec1255787,4,1,29.936,2343.75,31.792,4218.75
e42215aa0,4,1,1.392,2343.75,3.248,4218.75
819afd877,4,1,36.32,2343.75,38.176,4218.75
2ed5af143,4,1,57.792,2343.75,59.648,4218.75
af15de055,4,1,54.3467,2531.25,56.5333,4031.25
8e0f816f1,4,1,42.848,2343.75,44.704,4218.75
e6622a3c9,4,1,30.4213,2343.75,32.2773,4218.75
8a63ca713,4,1,51.808,2531.25,53.9947,4031.25
787c0db92,4,1,39.5733,2531.25,41.76,4031.25
fea6b438a,4,1,43.5787,2531.25,45.7653,4031.25
f2c52223a,4,1,6.4853,2343.75,8.3413,4218.75
7403b8dde,4,1,5.1413,2343.75,6.9973,4218.75
e7847849b,4,1,0.0267,2343.75,1.8827,4218.75
477e497db,4,1,49.728,2343.75,51.584,4218.75
abbef468c,4,1,30.4853,2343.75,32.3413,4218.75
399e17911,4,1,17.6373,2343.75,19.4933,4218.75
7f9246130,4,1,0.5173,2343.75,2.3733,4218.75
2ef429016,4,1,38.7787,2343.75,40.6347,4218.75
a5034a8b3,4,1,39.5733,2531.25,41.76,4031.25
7f6df469c,4,1,44.288,2531.25,46.4747,4031.25
4b406a1bc,4,1,10.7627,2343.75,12.6187,4218.75
79b28cad5,4,1,57.7013,2343.75,59.5573,4218.75
addfd4f67,4,1,9.456,2343.75,11.312,4218.75
bb00d418c,4,1,15.5733,2343.75,17.4293,4218.75
b2ea74670,4,1,9.616,2343.75,11.472,4218.75
db13dd765,4,1,22.816,2343.75,24.672,4218.75
a17b9af5d,4,1,9.7387,2343.75,11.5947,4218.75
d29f0ca6d,4,1,33.344,2531.25,35.5307,4031.25
f2d7b8ed8,4,1,52.7627,2531.25,54.9493,4031.25
5493f3b1a,22,1,12.1813,10687.5,13.7867,13687.5
8f8e4f3e2,22,1,12.1173,10687.5,13.7227,13687.5
3508bf762,22,1,17.8027,10687.5,19.408,13687.5
5e8c07a8e,22,1,21.8667,10687.5,23.472,13687.5
82d59d24d,22,1,29.568,10687.5,31.1733,13687.5
a2045d15d,22,1,49.1093,10687.5,50.7147,13687.5
09315d9bf,22,1,49.696,10687.5,51.3013,13687.5
aebf55c7c,22,1,13.2053,10687.5,14.8107,13687.5
e9255d07c,22,1,17.0987,10687.5,18.704,13687.5
3d28b6a6b,22,1,47.4613,10687.5,49.0667,13687.5
6d6ba3db7,22,1,42.9547,10687.5,44.56,13687.5
35a7c2277,22,1,16.3307,10687.5,17.936,13687.5
1702d35a0,22,1,28.2453,10687.5,29.8507,13687.5
916eb2a00,22,1,0.6507,10687.5,2.256,13687.5
28d37d1de,22,1,35.8347,10687.5,37.44,13687.5
3fa666880,22,1,55.5733,10687.5,57.1787,13687.5
cde5fd6be,22,1,42.672,10687.5,44.2773,13687.5
f1aa1c855,22,1,5.2907,10687.5,6.896,13687.5
48a77f450,22,1,52.3573,10687.5,53.9627,13687.5
22eaad9ca,22,1,52.4,10687.5,54.0053,13687.5
c6a2c0e7c,22,1,21.2107,10687.5,22.816,13687.5
7a9d46229,22,1,15.5093,10687.5,17.1147,13687.5
ed2f84e75,22,1,19.888,10687.5,21.4933,13687.5
d1229a222,22,1,49.4507,10687.5,51.056,13687.5
c7918c0f8,22,1,38.7413,10687.5,40.3467,13687.5
1bc8c196e,22,1,4.5973,10687.5,6.2027,13687.5
de3737c21,22,1,54.4,10687.5,56.0053,13687.5
bffdcd085,22,1,10.8693,10687.5,12.4747,13687.5
68f7d8362,22,1,38.384,10687.5,39.9893,13687.5
69173294f,22,1,40.3467,10687.5,41.952,13687.5
e7dfc5c5f,22,1,38.048,10687.5,39.6533,13687.5
2e7bc0749,22,1,23.9093,10687.5,25.5147,13687.5
247aeccaf,9,1,19.7227,843.75,23.2853,5718.75
4a0ca83ec,9,1,20.832,1125.0,23.6373,5250.0
dee541308,9,1,38.5973,1125.0,41.4027,5250.0
1535d0c9b,9,1,4.6507,843.75,8.2133,5718.75
c245b2295,9,1,50.3573,843.75,53.92,5718.75
aacebff62,9,1,25.8933,843.75,29.456,5718.75
12ec1d4cb,9,1,24.112,1125.0,26.9173,5250.0
f7466aeeb,9,1,34.352,843.75,37.9147,5718.75
e666beee8,9,1,44.0853,1125.0,46.8907,5250.0
738e4dcb5,9,1,53.2747,843.75,56.8373,5718.75
5f8eecc9e,9,1,48.5547,1125.0,51.36,5250.0
3b0e345fc,9,1,51.8027,843.75,55.3653,5718.75
891822ace,9,1,51.728,843.75,55.2907,5718.75
a82f931d1,9,1,8.6667,1125.0,11.472,5250.0
596463649,9,1,2.384,843.75,5.9467,5718.75
9369b4be6,9,1,29.9413,843.75,33.504,5718.75
b01abd3b2,9,1,32.9173,843.75,36.48,5718.75
2fc2eca0c,9,1,52.9333,1125.0,55.7387,5250.0
f851b9605,9,1,51.7493,843.75,55.312,5718.75
afa49cbeb,9,1,1.6213,843.75,5.184,5718.75
76b4b3f7f,9,1,55.44,843.75,59.0027,5718.75
84d2746ce,9,1,56.1813,1125.0,58.9867,5250.0
5d606b7a3,9,1,10.2933,843.75,13.856,5718.75
5f8eecc9e,9,1,54.944,1125.0,57.7493,5250.0
0ab6aa734,9,1,49.4773,843.75,53.04,5718.75
2e6758f3e,9,1,51.4507,1125.0,54.256,5250.0
349095631,9,1,16.2293,843.75,19.792,5718.75
c12e0a62b,9,1,14.9653,1125.0,17.7707,5250.0
774d13e9c,9,1,39.04,843.75,42.6027,5718.75
a691e3d90,9,1,39.952,843.75,43.5147,5718.75
5d7e9091c,9,1,7.4453,843.75,11.008,5718.75
1375a05d1,21,1,28.1493,3281.25,29.2427,4125.0
e65e42310,21,1,36.9173,3281.25,38.0107,4125.0
8f0f2528a,21,1,7.392,3281.25,8.4853,4125.0
352bc8d36,21,1,2.256,3281.25,3.3493,4125.0
82a813386,21,1,2.1333,3281.25,3.2267,4125.0
3dc230571,21,1,19.9893,3281.25,21.0827,4125.0
9d2bf51ce,21,1,54.4907,3281.25,55.584,4125.0
bc18e6dba,21,1,5.1253,3281.25,6.2187,4125.0
60b260508,21,1,53.6053,3281.25,54.6987,4125.0
4874059ad,21,1,58.1013,3281.25,59.1947,4125.0
304b4b5fd,21,1,0.9013,3281.25,1.9947,4125.0
3ca3a1b6a,21,1,21.3547,3281.25,22.448,4125.0
fba69b00a,21,1,36.5653,3281.25,37.6587,4125.0
80590e499,21,1,7.4933,3281.25,8.5867,4125.0
77299bde7,21,1,42.3787,3281.25,43.472,4125.0
76bcc78f1,21,1,1.376,3281.25,2.4693,4125.0
af1d7ef13,21,1,50.8533,3281.25,51.9467,4125.0
a1ef2a84f,21,1,47.7013,3281.25,48.7947,4125.0
dd46cb7e9,21,1,50.144,3281.25,51.2373,4125.0
908290ae2,21,1,11.6533,3281.25,12.7467,4125.0
3d2b1c860,21,1,47.4773,3281.25,48.5707,4125.0
b62292f65,21,1,34.9067,3281.25,36.0,4125.0
fc6c3b488,21,1,42.3467,3281.25,43.44,4125.0
bae8eb497,21,1,7.7973,3281.25,8.8907,4125.0
818a1635a,21,1,13.9253,3281.25,15.0187,4125.0
6b9e3f7c6,21,1,7.6373,3281.25,8.7307,4125.0
7a396818c,21,1,48.72,3281.25,49.8133,4125.0
784eb5d7f,21,1,55.8987,3281.25,56.992,4125.0
3513db2b8,21,1,23.8827,3281.25,24.976,4125.0
68d182a12,21,1,4.8107,3281.25,5.904,4125.0
77cf1b7e3,21,1,1.376,3281.25,2.4693,4125.0
d3324f1c0,21,1,24.9973,3281.25,26.0907,4125.0
d80fab44f,20,1,50.992,2343.75,54.432,5718.75
23adb9473,20,1,51.504,2343.75,54.944,5718.75
103db6411,20,1,22.3573,1312.5,27.7387,6093.75
178b835e3,20,1,36.6453,2343.75,40.0853,5718.75
72ccf4de7,20,1,36.9813,2343.75,40.4213,5718.75
fe8ce67c3,20,1,50.8213,1312.5,56.2027,6093.75
6bf2953a8,20,1,33.296,2343.75,36.736,5718.75
ccee900dd,20,1,55.232,2343.75,58.672,5718.75
acc030d72,20,1,22.544,1312.5,27.9253,6093.75
321c09a90,20,1,56.1333,2343.75,59.5733,5718.75
cc7c17269,20,1,29.552,1312.5,34.9333,6093.75
69aacafc4,20,1,43.0347,2343.75,46.4747,5718.75
e00019499,20,1,33.1947,1312.5,38.576,6093.75
4b4c2901c,20,1,46.5493,1312.5,51.9307,6093.75
670a35128,20,1,43.8613,2343.75,47.3013,5718.75
a6610076b,20,1,35.0933,1312.5,40.4747,6093.75
5a2185b19,20,1,6.4853,2343.75,9.9253,5718.75
a64b357d4,20,1,50.7413,2343.75,54.1813,5718.75
74a117970,20,1,7.4987,1312.5,12.88,6093.75
d60157507,20,1,20.4427,1312.5,25.824,6093.75
983a13114,20,1,37.856,2343.75,41.296,5718.75
ccee900dd,20,1,25.4933,2343.75,28.9333,5718.75
81bcdeb06,20,1,36.8907,1312.5,42.272,6093.75
69aacafc4,20,1,39.824,2343.75,43.264,5718.75
d80fab44f,20,1,55.4933,2343.75,58.9333,5718.75
48fb5143f,20,1,24.4107,2343.75,27.8507,5718.75
48fb5143f,20,1,28.64,2343.75,32.08,5718.75
7c858b1f2,20,1,33.3707,1312.5,38.752,6093.75
da956248e,20,1,45.5893,1312.5,50.9707,6093.75
6bf2953a8,20,1,19.4613,2343.75,22.9013,5718.75
bc32d8c84,20,1,18.288,1312.5,23.6693,6093.75
d7a655c45,20,1,16.9173,2343.75,20.3573,5718.75
3ac6f246a,5,1,4.2987,4781.25,6.6507,10406.2
d7d49c913,5,1,46.9707,4781.25,49.3227,10406.2
ffb8d8391,5,1,14.3467,4781.25,16.6987,10406.2
606f1e495,5,1,12.6613,4781.25,15.0133,10406.2
cea56c949,5,1,14.0587,4781.25,16.4107,10406.2
58b92fcdc,5,1,15.824,4781.25,18.176,10406.2
e574b09d3,5,1,21.2,4781.25,23.552,10406.2
4c010ec47,5,1,35.2053,4781.25,37.5573,10406.2
426c11508,5,1,22.112,4781.25,24.464,10406.2
34340b225,5,1,39.872,4781.25,42.224,10406.2
1795728ba,5,1,39.568,4781.25,41.92,10406.2
22bfc5978,5,1,46.6187,4781.25,48.9707,10406.2
d14c92027,5,1,3.0827,5062.5,6.192,11250.0
590163609,5,1,0.0267,4781.25,2.3787,10406.2
7a9d46229,5,1,52.7627,4781.25,55.1147,10406.2
ec63de3ab,5,1,56.8213,4781.25,59.1733,10406.2
d817ed6ad,5,1,4.352,4781.25,6.704,10406.2
2a7ed55d4,5,1,7.3013,4781.25,9.6533,10406.2
7b79194b3,5,1,9.6,4781.25,11.952,10406.2
3aa730d19,5,1,11.5307,4781.25,13.8827,10406.2
be0356cf5,5,1,35.9893,4781.25,38.3413,10406.2
c72082616,5,1,19.792,4781.25,22.144,10406.2
cf8fbc4f1,5,1,56.1227,4781.25,58.4747,10406.2
fd7cc65e1,5,1,57.5307,4781.25,59.8827,10406.2
2a69408f6,5,1,41.376,4781.25,43.728,10406.2
35f9c5c38,5,1,38.1227,4781.25,40.4747,10406.2
b9a6e6ce4,5,1,20.9333,4781.25,23.2853,10406.2
d635637b7,5,1,20.5067,4781.25,22.8587,10406.2
f4d05c0de,5,1,42.08,4781.25,44.432,10406.2
2c2127b9e,5,1,9.808,4781.25,12.16,10406.2
a3194950c,5,1,8.7947,4781.25,11.1467,10406.2
2bcddf9a5,5,1,16.4693,4781.25,18.8213,10406.2
